date,eur_usd_perusd,gbp_usd_perusd,jpy_usd_perusd
2025-09-01,0.85361,0.73939,147.22
2025-09-02,0.85866,0.74721,148.63
2025-09-03,0.85815,0.74547,148.61
2025-09-04,0.85859,0.7438,148.33
2025-09-05,0.85492,0.7419,147.98
2025-09-08,0.85266,0.73917,147.84
2025-09-09,0.8515,0.73765,146.76
2025-09-10,0.85419,0.73887,147.49
2025-09-11,0.8558,0.74001,147.95
2025-09-12,0.85339,0.73844,147.92
2025-09-15,0.84991,0.7344,147.36
2025-09-16,0.84696,0.73312,146.99
2025-09-17,0.84481,0.73287,146.39
2025-09-18,0.84617,0.73447,147.44
2025-09-19,0.85208,0.74199,148.08
2025-09-22,0.84882,0.74094,147.84
2025-09-23,0.84796,0.74018,147.8
2025-09-24,0.85063,0.74268,148.44
2025-09-25,0.85186,0.74521,148.82
2025-09-26,0.85675,0.7488,149.75
2025-09-29,0.85302,0.74409,148.75
2025-09-30,0.85172,0.74389,147.99
2025-10-01,0.85295,0.74241,147.11
2025-10-02,0.85077,0.74196,146.78
2025-10-03,0.85222,0.74365,147.35
2025-10-06,0.85631,0.74456,150.04
2025-10-07,0.85719,0.74601,150.91
2025-10-08,0.86007,0.74576,152.69
2025-10-09,0.86125,0.74783,152.79
2025-10-10,0.86445,0.75285,152.54
2025-10-13,0.86438,0.75002,152.11
2025-10-14,0.86558,0.75409,152.1
2025-10-15,0.86044,0.74901,151.55
2025-10-16,0.85844,0.74478,151.28
2025-10-17,0.85609,0.74437,150.42
2025-10-20,0.858,0.74569,150.76
2025-10-21,0.86155,0.74765,152.02
2025-10-22,0.86304,0.74989,151.83
2025-10-23,0.86259,0.74968,152.63
2025-10-24,0.86118,0.75146,152.9
2025-10-27,0.85911,0.74923,152.86
2025-10-28,0.85985,0.75322,152.29
2025-10-29,0.8594,0.75688,152.17
2025-10-30,0.8658,0.76199,154.43
2025-10-31,0.8655,0.76303,154.18
2025-11-03,0.86851,0.76125,154.22
2025-11-04,0.87025,0.76538,153.5
2025-11-05,0.87017,0.76662,153.73
2025-11-06,0.86708,0.76363,153.6
2025-11-07,0.86498,0.76213,153.09
2025-11-10,0.86423,0.75862,154.1
2025-11-11,0.86393,0.7606,154.18
2025-11-12,0.86386,0.76218,154.79
2025-11-13,0.86066,0.75902,154.55
2025-11-14,0.85852,0.75944,153.86
2025-11-17,0.86259,0.75865,154.9
2025-11-18,0.86281,0.76109,155.25
2025-11-19,0.86333,0.76207,156.13
2025-11-20,0.86851,0.76559,157.61
2025-11-21,0.86806,0.76415,156.74
2025-11-24,0.86625,0.76265,156.98
2025-11-25,0.86573,0.7608,156.19
2025-11-26,0.86378,0.75805,156.42
2025-11-27,0.86311,0.75557,156.32
2025-11-28,0.8646,0.7567,156.12
2025-12-01,0.85866,0.75374,154.8
2025-12-02,0.86103,0.75736,156.07
2025-12-03,0.85704,0.75129,155.37
2025-12-04,0.85719,0.74961,154.77
2025-12-05,0.85874,0.74942,155.23
2025-12-08,0.858,0.75041,155.55
2025-12-09,0.85933,0.75062,156.36
2025-12-10,0.85955,0.75133,156.71
2025-12-11,0.85368,0.74705,155.58
2025-12-12,0.85244,0.74734,155.99
2025-12-15,0.85085,0.74696,155.13
2025-12-16,0.84918,0.74423,154.61
2025-12-17,0.8531,0.74945,155.59
2025-12-18,0.85332,0.74631,155.77
2025-12-19,0.85383,0.74795,157.23
2025-12-22,0.85143,0.74432,157.32
2025-12-23,0.84846,0.74062,156.02
2025-12-24,0.84839,0.74056,155.96
2025-12-29,0.84991,0.74163,156.36
2025-12-30,0.85056,0.74101,156.06
2025-12-31,0.85106,0.74264,156.67
2026-01-02,0.85317,0.74388,156.93
2026-01-05,0.85734,0.74383,156.83
2026-01-06,0.85419,0.73998,156.44
2026-01-07,0.85587,0.74153,156.55
2026-01-08,0.85653,0.74407,156.72
2026-01-09,0.85896,0.74532,157.64
2026-01-12,0.85529,0.74187,157.73
2026-01-13,0.85807,0.74309,158.85
2026-01-14,0.8583,0.74397,158.63
2026-01-15,0.86029,0.74621,158.56
2026-01-16,0.86081,0.74632,158.1
2026-01-19,0.85977,0.74551,157.93
2026-01-20,0.85266,0.74369,157.9
2026-01-21,0.85186,0.74487,157.79
2026-01-22,0.85426,0.74509,158.79
2026-01-23,0.85164,0.73931,158.16
2026-01-26,0.84488,0.73293,154.21
2026-01-27,0.83829,0.72789,153.34
2026-01-28,0.83514,0.72532,152.63
2026-01-29,0.83556,0.72376,153.31
2026-01-30,0.839,0.72674,154.03
2026-02-02,0.84459,0.73125,155.06
2026-02-03,0.84739,0.7307,155.85
2026-02-04,0.84602,0.72893,156.64
2026-02-05,0.8476,0.73665,156.9
2026-02-06,0.84789,0.73588,157.09
2026-02-09,0.84133,0.73204,156.19
2026-02-10,0.84076,0.73104,155.13
2026-02-11,0.84034,0.73101,153.61
2026-02-12,0.84218,0.73362,153.71
2026-02-13,0.84303,0.73478,153.29
2026-02-16,0.84353,0.73302,153.34
2026-02-17,0.84559,0.73846,153.1
2026-02-18,0.84424,0.73651,153.64
2026-02-19,0.85085,0.74347,154.9
2026-02-20,0.84983,0.74174,155.21
2026-02-23,0.84861,0.74117,154.82
2026-02-24,0.84911,0.74136,155.84
2026-02-25,0.84861,0.73948,156.74
2026-02-26,0.84645,0.73802,156.06
2026-02-27,0.8471,0.74231,155.98
2026-03-02,0.85485,0.74705,157.45
2026-03-03,0.86162,0.75108,157.66
2026-03-04,0.85844,0.74727,157.11
2026-03-05,0.86073,0.74841,157.54
2026-03-06,0.86498,0.74987,157.92
2026-03-09,0.86543,0.74885,158.5
2026-03-10,0.85903,0.74345,157.78
2026-03-11,0.86348,0.74573,158.56
2026-03-12,0.86603,0.74689,158.86
2026-03-13,0.87138,0.75377,159.33
2026-03-16,0.87123,0.75281,159.14
2026-03-17,0.86723,0.74954,158.95
2026-03-18,0.86957,0.75124,159.56
2026-03-19,0.8704,0.75192,158.81
2026-03-20,0.86543,0.74806,158.77
2026-03-23,0.86237,0.74526,158.55
2026-03-24,0.86415,0.74785,158.93
2026-03-25,0.86266,0.7467,158.96
2026-03-26,0.86663,0.74976,159.62
2026-03-27,0.86828,0.75297,159.9
2026-03-30,0.87078,0.75586,159.46
2026-03-31,0.86972,0.7552,159.5
2026-04-01,0.8617,0.75065,158.32
2026-04-02,0.86768,0.75708,159.6
2026-04-07,0.86528,0.75502,159.84
2026-04-08,0.85426,0.74229,158.15
2026-04-09,0.8558,0.745,158.92
2026-04-10,0.8539,0.74379,159.19
2026-04-13,0.85587,0.7451,159.83
2026-04-14,0.84796,0.73699,158.85
2026-04-15,0.8489,0.73799,159.09
2026-04-16,0.84875,0.73836,158.98
2026-04-17,0.84767,0.7389,159.13
2026-04-20,0.85034,0.74018,158.91
2026-04-21,0.84983,0.73965,159.04
2026-04-22,0.8523,0.74067,159.22
2026-04-23,0.85514,0.74034,159.48
2026-04-24,0.85383,0.74115,159.42
2026-04-27,0.85114,0.73691,159.21
2026-04-28,0.85616,0.74242,159.74
2026-04-29,0.85426,0.74016,159.79
2026-04-30,0.85455,0.74026,156.56
2026-05-04,0.8547,0.7381,157.12
2026-05-05,0.85572,0.73886,157.81
2026-05-06,0.8502,0.73431,156.21
2026-05-07,0.84962,0.73415,156.39
2026-05-08,0.85027,0.73472,156.76
2026-05-11,0.84998,0.73513,157.14
2026-05-12,0.85193,0.7395,157.59
2026-05-13,0.85361,0.74019,157.77
2026-05-14,0.85455,0.7402,157.95
2026-05-15,0.85999,0.74862,158.55
2026-05-18,0.85852,0.74708,158.77
2026-05-19,0.86059,0.74588,159.11
2026-05-20,0.86207,0.74616,159.03
2026-05-21,0.86214,0.74518,159.14
2026-05-22,0.86244,0.7453,159.15
2026-05-25,0.85889,0.74083,158.93
2026-05-26,0.85955,0.74244,159.21
2026-05-27,0.85933,0.74433,159.42
2026-05-28,0.86081,0.74602,159.46
2026-05-29,0.85881,0.74479,159.27
2026-06-01,0.85866,0.74268,159.49
2026-06-02,0.85844,0.74225,159.75
2026-06-03,0.86103,0.74367,159.86
2026-06-04,0.85911,0.74304,159.8
2026-06-05,0.85911,0.74255,159.86
2026-06-08,0.86655,0.74835,159.97
2026-06-09,0.86408,0.74605,160.16
2026-06-10,0.86663,0.74727,160.49
2026-06-11,0.86678,0.74829,160.54
2026-06-12,0.86453,0.74613,160.2
2026-06-15,0.86155,0.74509,160.19
2026-06-16,0.86252,0.74583,160.38
2026-06-17,0.86274,0.74595,160.31
2026-06-18,0.87252,0.75594,160.93
2026-06-19,0.87207,0.75567,161.23
2026-06-22,0.87291,0.75478,161.78
2026-06-23,0.87781,0.75667,161.53
2026-06-24,0.88183,0.75983,161.68
2026-06-25,0.88168,0.75986,161.85
2026-06-26,0.87712,0.75654,161.65
2026-06-29,0.87673,0.75587,161.86
2026-06-30,0.87765,0.75635,162.44
2026-07-01,0.8785,0.75528,162.71
2026-07-02,0.87727,0.75151,161.58
2026-07-03,0.87352,0.74878,161.15
2026-07-06,0.87604,0.74935,162.34
2026-07-07,0.87466,0.74706,161.89
2026-07-08,0.87689,0.74917,162.49
2026-07-09,0.87451,0.74651,162.41
2026-07-10,0.87489,0.74501,161.87
2026-07-13,0.87535,0.74694,162.14
2026-07-14,0.87681,0.74717,162.22
2026-07-15,0.87673,0.74604,162.39
2026-07-16,0.87207,0.74015,162.2
2026-07-17,0.87451,0.74419,162.35
2026-07-20,0.8752,0.74294,162.38
2026-07-21,0.87581,0.74623,162.74
2026-07-22,0.87658,0.74807,163.07
2026-07-23,0.87781,0.74893,163.47
2026-07-24,0.87897,0.75053,163.82
2026-07-27,0.87804,0.75094,163.64
2026-07-28,0.87974,0.75262,163.91
2026-07-29,0.87873,0.7525,163.68
2026-07-30,0.87138,0.74691,162.94
2026-07-31,0.8707,0.74508,160.24
2026-08-03,0.86693,0.74238,156.68
2026-08-04,0.86843,0.74372,157.41
2026-08-05,0.8655,0.74191,157.59
2026-08-06,0.8664,0.74255,157.83
2026-08-07,0.86693,0.74352,158.34
2026-08-10,0.86543,0.7405,158.64
2026-08-11,0.86655,0.74075,159.2
2026-08-12,0.86618,0.73935,159.09
2026-08-13,0.867,0.7412,159.33
2026-08-14,0.86453,0.73874,159.01
2026-08-17,0.86259,0.73751,159.23
2026-08-18,0.86386,0.73933,159.7
2026-08-19,0.8617,0.73768,159.09
2026-08-20,0.85609,0.73388,158.76
2026-08-21,0.85477,0.73228,158.7
2026-08-24,0.85734,0.73345,159.12
2026-08-25,0.85749,0.73358,159.24
2026-08-26,0.85697,0.73368,159.07
2026-08-27,0.85874,0.73628,159.39
2026-08-28,0.85889,0.73624,159.68
2026-08-31,0.86237,0.7386,159.73
2026-09-01,0.86281,0.73904,160.16
2026-09-02,0.86371,0.74167,159.6
2026-09-03,0.86096,0.7409,156.01
2026-09-04,0.86044,0.7391,156.25
2026-09-07,0.86044,0.73906,154.75
2026-09-08,0.86103,0.73825,154.3
2026-09-09,0.85822,0.7372,153.27
2026-09-10,0.86088,0.73963,154.18
2026-09-11,0.86266,0.7403,154.04
